Root,Raíz
Delete,Eliminar
Save,Guardar
"Use Config Settings","Usar opciones de configuración"
"Use All Available Attributes","Usar todos los atributos disponibles"
ID,ID
Name,Nombre
SKU,SKU
Price,Precio
Position,Posición
"Add Subcategory","Agregar subcategoría"
"Add Root Category","Agregar categoría raíz"
Day,Día
Month,Mes
Year,Año
"<label class=""label""><span>from</span></label>","<label class=""label""><span>desde</span></label>"
"<label class=""label""><span>to</span></label>","<label class=""label""><span>hasta</span></label>"
[GLOBAL],[GLOBAL]
[WEBSITE],[WEBSITE]
"[STORE VIEW]","[STORE VIEW]"
"WYSIWYG Editor","Editor WYSIWYG"
"Add Product","Agregar producto"
label,etiqueta
"Product Attributes","Atributos de producto"
"Add New Attribute","Agregar nuevo atributo"
Cancel,Cancelar
"Save Attribute","Guardar atributo"
"Save in New Attribute Set","Guardar en nuevo conjunto de atributos"
"Enter Name for New Attribute Set","Ingrese el nombre para el nuevo conjunto de atributos"
"Save and Continue Edit","Guardar y continuar editando"
"Delete Attribute","Eliminar atributo"
"Edit Product Attribute ""%1""","Editar atributo del producto ""%1"""
"New Product Attribute","Nuevo atributo de producto"
"Advanced Attribute Properties","Propiedades avanzadas de atributo"
"Attribute Code","Código de atributo"
"This is used internally. Make sure you don't use spaces or more than %1 symbols.","Esto es utilizado internamente. Asegúrese de no utilizar espacios no más de %1 símbolos."
"Default Value","Valor por defecto"
"Unique Value","Valor único"
"Unique Value (not shared with other products)","Valor único (no compartido con otros productos)"
"Not shared with other products.","No compartido con otros productos."
"Input Validation for Store Owner","Validación de entrada por el propietario de la tienda"
"Add to Column Options","Agregar a opciones de columna"
"Select ""Yes"" to add this attribute to the list of column options in the product grid.","Seleccione ""Si"" para agregar este atributo a la lista de opciones de columna en la grilla de productos."
"Use in Filter Options","Usar en opciones de filtro"
"Select ""Yes"" to add this attribute to the list of filter options in the product grid.","Seleccione ""Si"" para agregar este atributo a la lista de opciones de filtrado en la grilla de productos."
"Store View","Vista de tienda"
Website,Sitio web
Global,Global
Scope,Alcance
"Declare attribute value saving scope.","Declare attribute value saving scope."
"Storefront Properties","Propiedades del frente de la tienda"
"Use in Search","Usar en búsqueda"
"Visible in Advanced Search","Visible en la búsqueda avanzada"
"Comparable on Storefront","Comparable en el frente de la tienda"
"Use for Promo Rule Conditions","Usar para condiciones de regla de promoción"
"Enable WYSIWYG","Habilitar WYSIWYG"
"Allow HTML Tags on Storefront","Permitir Tags HTML en el frente de la tienda"
"Visible on Catalog Pages on Storefront","Visible on Catalog Pages on Storefront"
"Used in Product Listing","Usado en listado de productos"
"Depends on design theme.","Depende del diseño del tema."
"Used for Sorting in Product Listing","Usado para ordenamiento en el listado de productos"
"Media Image","Imagen de media"
Gallery,Galería
"System Properties","Propiedades de sistema"
No,No
Yes,Si
"Data Type for Saving in Database","Tipo de dato para guardar en la base de datos"
Text,Texto
Varchar,Varchar
Static,Estático
Datetime,FechaHora
Decimal,Decimal
Integer,Entero
"Globally Editable","Editable globalmente"
"Attribute Information","Información de atributo"
Properties,Propiedades
"Manage Labels","Administrar etiquetas"
Visible,Visible
"Web Site","Sitio web"
Searchable,Buscable
Comparable,Comparable
"Delete Selected Group","Eliminar grupo seleccionado"
"Add New","Agregar nuevo"
Back,Atrás
Reset,Resetear
"You are about to delete all products in this attribute set. Are you sure you want to do that?","Estás por eliminar todos los productos en este conjunto de atributos. Está seguro que quiere hacer eso ?"
"New Set Name","Nuevo nombre de conjunto"
"Edit Attribute Set '%1'","Editar conjunto de atributos '%1'"
Empty,Vacío
"Add Attribute","Agragar atributo"
"Add New Group","Agregar nuevo grupo"
"Add Group","Agregar grupo"
"Edit Attribute Set Name","Editar nombre de conjunto de atributos"
"For internal use","Para uso interno"
"Based On","Basado en"
"Add New Attribute Set","Agregar nuevo conjunto de atributos"
"Add Attribute Set","Agregar conjunto de atributos"
"Attribute Sets","Conjuntos de atributos"
"Close Window","Cerrar ventana"
"New Product","Nuevo producto"
"Save & Edit","Guardar & Editar"
"Save & New","Guardar & Nuevo"
"Save & Duplicate","Guardar & Duplicar"
"Save & Close","Guardar & Cerrar"
Attributes,Atributos
Change,Cambiar
"Advanced Inventory","Agregar Inventario"
Websites,Sitios Web
"Products Information","Información de productos"
"Create Category","Crear Categoría"
"Category Name","Nombre de Categoría"
"Parent Category","Categoría Padre"
"If there are no custom parent categories, please use the default parent category. You can reassign the category at any time in <a href=""%1"" target=""_blank"">Products > Categories</a>.","Si no hay categorías padre personalizadas, por favor utilizar la categoría padre por defecto. Puede reasignar la categoría en cualquier momento en <a href=""%1"" target=""_blank"">Productos > Categorías</a>."
"Price Alert Subscriptions","Suscripciones de Alerta de Precios"
"Stock Alert Subscriptions","Suscripciones de Alerta de Stock"
"There are no customers for this alert.","No hay clientes para esta alerta."
"First Name","Nombre"
"Last Name","Apellido"
Email,Email
"Subscribe Date","Fecha de suscripción"
"Last Notified","Última notificación"
"Send Count","Conteo de envíos"
"New Attribute","Nuevo atributo"
Type,Tipo
"Attribute Set","Conjunto de atributos"
Status,Estado
Visibility,Visibilidad
"Add New Option","Agregar nueva opción"
"Import Options","Opciones de importación"
"Use Default","Usar por defecto"
Import,Importar
"Add New Row","Agregar nueva fila"
"Delete Row","Eliminar fila"
"Tier Pricing","Tier Pricing"
"Default Price","Precio por defecto"
"All Websites","Todos los sitios web"
"ALL GROUPS","TODOS LOS GRUPOS"
"Add Price","Agregar precio"
"Default Values","Valores por defecto"
"Related Products","Productos relacionados"
Up-sells,Up-sells
Cross-sells,Cross-sells
"Size for %1","Tamaño para %1"
"Watermark File for %1","Archivo de marca de agua para %1"
"Position of Watermark for %1","Posición de marca de agua para %1"
"Name in %1","Nombre en %1"
Quantity,Cantidad
Edit,Editar
"Are you sure?","Está seguro?"
"Change Status","Cambiar estado"
"Update Attributes","Actualizar atributos"
"start typing to search category","comience a escribir para buscar la categoría"
"New Category","Nueva categoría"
"Images (.gif, .jpg, .png)","Imagenes (.gif, .jpg, .png)"
"Add New Images","Agregar nuevas imágenes"
"Inc. Tax","Imp. Inc."
"Does this have a weight?","Tiene esto un peso?"
Product,Producto
"Notify Low Stock RSS","Notificar bajo stock por RSS"
"Low Stock Products","Productos con bajo stock"
"%1 has reached a quantity of %2.","%1 ha alcalzado una cantidad de %2."
Home,Inicio
"Go to Home Page","Ir a la Página Principal"
"Subscribe to RSS Feed","Suscribir al Feed RSS"
"Products Comparison List","Lista de Comparación de Productos"
N/A,N/D
AM,AM
PM,PM
"-- Please Select --","-- Por favor Seleccione --"
None,Ninguno
"New Products from %1","Nuuevos productos desde %1"
"New Products","Nuuevos Productos"
"%1 - Special Products","%1 - Productos Especiales"
"Click for price","Click para precio"
"Special Expires On: %1","Precio especial Expira el: %1"
"Price: %1","Precio: %1"
"Special Price: %1","Precio Especial: %1"
"Special Products","Productos Especiales"
"Manage Catalog Categories","Administrar Categorías de Catálogo"
"Manage Categories","Administrar Categorías"
"You deleted the category.","Se eliminó la Categoría."
"Something went wrong while trying to delete the category.","Algo anduvo mal mientras se intentaba eliminar la Categoría."
Categories,Categorías
"Category is not available for requested store.","La categoría no está disponible para la tienda solicitada."
"There was a category move error. %1","Hubo un error moviendo la Categoría. %1"
"There was a category move error.","Hubo un error moviendo la Categoría."
"You moved the category.","Se ha movido la categoría."
"Attribute ""%1"" is required.","El Atributo ""%1"" es requerido."
"You saved the category.","Se ha guardado la Categoría."
"Something went wrong while saving the category.","Algo anduvo mal mientras se guardaba la Categoría."
"Please select products for attributes update.","Por favor seleccione productos para actualizacióon de atributos."
"Please make sure to define SKU values for all processed products.","Por favor asegúrese de definir los valores de SKU para todos los productos procesados."
"A total of %1 record(s) were updated.","Un total de %1 registro(s) fueron actualizados."
"Something went wrong while updating the product(s) attributes.","Algo anduvo mal mientras se actualizaban los atributos de producto(s)."
"Unable to add attribute","No se puede agregar el atributo"
"Please, specify attributes","Por Favor, especificar Atributos"
Catalog,Catálogo
"Manage Product Attributes","Administrar Atributoos de Producto"
"We can't delete the attribute.","No se pudo eliminar el Atributo."
"You deleted the product attribute.","You deleted the product attribute."
"We can't find an attribute to delete.","No podemos entrontrar un Atributo para eliminar."
"This attribute no longer exists.","Este Atributo no existe más."
"This attribute cannot be edited.","Este Atributo no puede ser editado."
"Edit Product Attribute","Editar Atributo de Producto"
"An attribute set named '%1' already exists.","Un Conjunto de Atributos llamado '%1' ya existe."
"Something went wrong while saving the attribute.","Algo anduvo mal mientras se guardaba el atributo."
"Attribute code ""%1"" is invalid. Please use only letters (a-z), numbers (0-9) or underscore(_) in this field, first character should be a letter.","El Código de Atributo ""%1"" es inválido. Por favor utilice sólo letras (a-z), números (0-9) o guión bajo(_) en este campo, first character should be a letter."
"We can't update the attribute.","No se puede actualizar este atributo."
"You saved the product attribute.","Se ha guardado el atributo de producto."
"An attribute with this code already exists.","Un atributo con este código ya existe."
"An attribute with the same code (%1) already exists.","Un atributo con el mismo código (%1) ya existe."
"The value of Admin must be unique.","El valor de Admin debe ser único."
"The value of Admin scope can't be empty.","El valor de Alcance de Admin no puede ser vacío."
"You duplicated the product.","Has duplicado el producto."
"This product doesn't exist.","Este producto no existe."
"Invalid product id. Should be numeric value greater than 0","Id de producto inválido. Debe ser un valor numérico mayor a 0"
Products,Productos
"A group with the same name already exists.","Un grupo con el mismo nombre ya existe."
"Something went wrong while saving this group.","Algo anduvo mal mientras se guardaba este grupo."
"A total of %1 record(s) have been deleted.","Un total del %1 registro(s) han sido eliminado(s)."
"A total of %1 record(s) have been updated.","Un total del %1 registro(s) han sido actualizado(s)."
"Something went wrong while updating the product(s) status.","Algo anduvo mal mientras se actualizaba el estado de el(los) producto(s)."
"Unable to save product","No se puede guardar el producto"
"You saved the product.","Se ha guardado el producto."
"SKU for product %1 has been changed to %2.","El SKU para el producto %1 ha sido cambiado a %2."
"The image cannot be removed as it has been assigned to the other image role","La imagen no se puede eliminar ya que se ha asignado al otro rol de imagen"
"New Attribute Set","Nuevo Conjunto de Atributos"
"The attribute set has been removed.","El conjunto de atributos ha sido eliminado."
"We can't delete this set right now.","No se puede eliminar este conjunto ahora."
"New Set","Nuevo Conjunto"
"Manage Product Sets","Administrar Conjuntos de Producto"
"Manage Attribute Sets","Administrar Conjuntos de Atributo"
"This attribute set no longer exists.","Este conjunto de atributos ya no existe."
"You saved the attribute set.","Se ha guardado el conjunto de atributos."
"Something went wrong while saving the attribute set.","Algo anduvo mal mientras se guardaba el conjunto de atributos."
"You added product %1 to the comparison list.","Has agregado el producto %1 a la lista de comparación."
"You cleared the comparison list.","Se ha limpiado la lista de copararción."
"Something went wrong  clearing the comparison list.","Algo anduvo mal limpiando la lista de comparación."
"You removed product %1 from the comparison list.","Has eliminado el producto %1 de la lista de comparación."
"1 item","1 item"
"%1 items","%1 items"
"Are you sure you want to remove this item from your Compare Products list?","Está seguro que desea eliminar este item de su Lista de Comparación de Productos?"
"Are you sure you want to remove all items from your Compare Products list?","Está seguro que desea eliminar todos los items de su Lista de Comparación de Productos?"
"Invalid attribute %1","Atributo inválido %1"
Grid,Grilla
List,Lista
All,Todo
"Bad controller interface for showing product","Mala interfaz del controlador para mostrar el producto"
"Product is not loaded","El Producto no ha sido cargado"
"Make sure the To Date is later than or the same as the From Date.","Asegúrese de que Fecha final sea posterior o igual a la Fecha de inicio."
"Sorry, but we can't find the new parent category you selected.","Lo siento, pero no podemos encontrar la nueva categoría padre que seleccionaste."
"Sorry, but we can't find the new category you selected.","Lo siento, pero no podemos encontrar la nueva categoría que seleccionaste."
"We can't move the category because the parent category name matches the child category name.","No podemos mover la categoría porque el nombre de la categoría padre es el mismo que el de la categoría hija."
"Something went wrong while getting the image url.","Algo anduvo mal mientras se obtenía la url de la imagen."
"Can't delete root category.","No se puede eliminar la categoría raíz."
"The value of attribute ""%1"" must be unique.","El valor del atributo ""%1"" deebe ser único."
"Default Product Listing Sort by does not exist in Available Product Listing Sort By.","El ordenamiento por defecto del Listado de Productos no existe en los tipos de ordenamientos disponibles."
"No layout updates","Sin Actualizaciones de Layout"
"Products only","Sólo Productos"
"Static block only","Sólo Bloque Estático"
"Static block and products","Bloque Estático y Productos"
"Please select a static block.","Poor favor seleccione un Bloque Estático."
frontend_label,frontend_label
"Could not save product ""%1"" with position %2 to category %3","No se puede guardar el producto ""%1"" con posición %2 en la categoría %3"
"Category does not contain specified product","La Categoría no contiene el producto especificado"
"Could not save product ""%product"" with position %position to category %category","No se puede guardar el Producto ""%product"" con la posición %position en la categoría %category"
"Operation do not allow to move a parent category to any of children category","La Operación no permite mover una categoría padre a ninguna Categoría hija"
"Could not move category","No se puede mover la Categoría"
"Could not save category: %1","No se puede guardar la Categoría: %1"
"Cannot delete category with id %1","No se puede eliminar la Categoría con id %1"
"-- Please Select a Category --","-- Por favor Seleccione una Categoría --"
"Grid Only","Sólo Grilla"
"List Only","Sólo Lista"
"Grid (default) / List","Grilla (defecto) / Lista"
"List (default) / Grid","Lista (defecto) / Grilla"
"Automatic (equalize price ranges)","Automático (equalizar rangos de precio)"
"Automatic (equalize product counts)","Automático (ecualizar recuentos de productos)"
Manual,Manual
Fixed,Fijo
Percent,Porcentaje
Discount,Descuento
"-- Please select --","-- Poor favor seleccione --"
"Product Thumbnail Itself","Thumbnail de producto Propio"
"Parent Product Thumbnail","Thumbnail de producto Padre"
"12h AM/PM","12h AM/PM"
24h,24h
Stretch,Estirar
Tile,Mosaico
Top/Left,Arriba/Izquierda
Top/Right,Arriba/Derecha
Bottom/Left,Abajo/Izquierda
Bottom/Right,Abajo/Derecha
Center,Centrar
"%1 doesn't extends \Magento\Framework\Model\AbstractModel","%1 no extiende \Magento\Framework\Model\AbstractModel"
"Something went wrong while saving the file(s).","Algo anduvo mal mientras se guardaba el(los) archivo(s)."
"File can not be saved to the destination folder.","El archivo no puede guardarse en la carpeta de destino."
"Unknown EAV indexer type ""%1"".","Tipo de indexador EAV desconocido ""%1""."
"We can't rebuild the index for an undefined product.","No se puede reconstruir el índice para un producto indefinido."
"Bad value was supplied.","Se proporcionó un valor incorrecto."
"The Flat Catalog module has a limit of %2$d filterable and/or sortable attributes.Currently there are %1$d of them.Please reduce the number of filterable/sortable attributes in order to use this module","El módulo de Catálogo Plano tiene un límite de %2$d atributos para filtrar u ordenar. Actualmente hay %1$d de ellos. Por favoor reduzca el número de atributos filtrables/ordenables para poder utilizar este módulo"
"Unsupported product type ""%1"".","Tipo de producto no soportado ""%1""."
"Please correct the category.","Por favor corrija la categoría."
"Must be category model instance or its id.","Debe ser una instancia de modelo de categoríia o su id."
"The attribute model is not defined.","El modelo de atributo no está definido."
Category,Categoría
"%1 - %2","%1 - %2"
"%1 was not found in algorithms","%1 no se encontró en los algoritmos"
"%1 doesn't extend \Magento\Catalog\Model\Layer\Filter\Dynamic\AlgorithmInterface","%1 no extiende \Magento\Catalog\Model\Layer\Filter\Dynamic\AlgorithmInterface"
"%1 doesn't extends \Magento\Catalog\Model\Layer\Filter\AbstractFilter","%1 no extiende \Magento\Catalog\Model\Layer\Filter\AbstractFilter"
"The filter must be an object. Please set the correct filter.","El filtro debe ser un objeto. Por favor setee el filtro correcto."
"Clear Price","Limpiar precio"
"%1 and above","%1 y superior"
"The filters must be an array.","Los filtros deben ser un arreglo."
"Product was not registered","El Producto no estaba registrado"
"Store was not registered","La Tienda no estaba registrada"
"Group price must be a number greater than 0.","El precio de Grupo debe ser un numero mayor que 0."
"Media Gallery converter should be an instance of EntryConverterInterface.","El convertidor de la Galería de Medios debe ser una instancia de EntryConverterInterface."
"There is no MediaGalleryEntryConverter for given type","No hay un MediaGalleryEntryConverterpara el tipo determinado"
"Please enter a number 0 or greater in this field.","Por favor ingrese un número 0 o superior en este campo."
"The value of attribute ""%1"" must be set","El valor del atributo ""%1"" debe estar definido"
"SKU length should be %1 characters maximum.","La longitud del SKU debe ser como máximo de %1 caracteres."
"Please enter a valid number in this field.","Por favoor inggrrese un número válido en este campo."
"We found a duplicate website, tier price, customer group and quantity.","Encontramos un Sitio Web duplicado, franja de precios, grupo de clientes y cantidad."
"Percentage value must be a number between 0 and 100.","El valor de Porcentaje debe ser un número entre 0 y 100."
"Invalid option id %1","Id de Oción inválida %1"
"Can not create attribute set based on non product attribute set.","No se puede crear un Conjunto de Atributos basado en un conjunto de Atributos que no es de Producto."
"Can not create attribute set based on not existing attribute set","No se puede crear un conjunto de Atributos basado en un conjunto de Atributos inexistente"
"Provided Attribute set non product Attribute set.","El Conjunto de Atributos provisto no es un conjunto de atributos de Producto."
"Use config","Usar configuración"
Enabled,Habilitado
Disabled,Deshabilitado
"Attribute Set already exists.","El Conjunto de Atributos ya existe."
"We couldn't copy file %1. Please delete media with non-existing images and try again.","No se pudo copiar el Archivo %1. Por favor elimine medios con imágenes no existentes e intente de nuevo."
"The image content is not valid.","El contenido de la imagen no es válido."
"Cannot save product.","No se puede guardar el Producto."
"Failed to save new media gallery entry.","Fallo al guardar la nueva entrada en la galería de medios."
"There is no image with provided ID.","No hay ninguna imagen con el ID provisto."
"Such product doesn't exist","No existe tal producto"
"Such image doesn't exist","No existe tal imagen"
"The image does not exist.","La imagen no existe."
"Please correct the image file type.","Por favor corrija el tipo de archivo de imagen."
"We couldn't move this file: %1.","No pudimos vover este archivo: %1."
"The option type to get group instance is incorrect.","El tipo de opción para obtenner la instancia de grupo es incorrecta."
"Select type options required values rows.","Seleccione las opciones de tipo de filas de valores requeridos."
"ProductSku should be specified","El ProductSku debe ser especificado"
"Could not remove custom option","No se pudo eliminar la opción personalizada"
"Please specify date required option(s).","Por favor, especifique la(s) opción(es) de fecha requerida(s)."
"Please specify time required option(s).","Por favor, especifique la(s) opción(es) de hora requerida(s)."
"Please specify product's required option(s).","Por favor, especifique la(s) opción(es) de producto requerida(s)."
"The option instance type in options group is incorrect.","El tipo de instancia de opción en el grupo de opciones es incorrecto."
"The product instance type in options group is incorrect.","El tipo de instancia del producto en el grupo de opciones es incorrecto."
"The configuration item option instance in options group is incorrect.","La instancia de opción de elemento de configuración en el grupo de opciones es incorrecta."
"The configuration item instance in options group is incorrect.","La instancia del elemento de configuración en el grupo de opciones es incorrecta."
"The BuyRequest instance in options group is incorrect.","La instancia de BuyRequest en el grupo de opciones es incorrecta."
"We can't add the product to the cart because of an option validation issue.","No podemos agregar el producto al carrito debido a un problema de validación de opción."
"%1 doesn't extends \Magento\Catalog\Model\Product\Option\Type\DefaultType","%1 no extiende \Magento\Catalog\Model\Product\Option\Type\DefaultType"
"The file options format is not valid.","El formato de las opciones de archivo no es válido."
px.,px.
"The file '%1' for '%2' has an invalid extension.","El archivo '%1' para '%2' tiene una extensión inválida."
"The maximum allowed image size for '%1' is %2x%3 px.","El tamaño máximo de imagen permitido para '%1' es %2x%3 px."
"The file '%1' you uploaded is larger than the %2 megabytes allowed by our server.","El archivo '%1' que subió es más grande que los %2 megabytes ppermitidos por nuestro servidor."
"The file '%1' is empty. Please choose another one","El archivo '%1' está vacío. Por favor seleccione otro"
"The file '%1' is invalid. Please choose another one","El archivo '%1' es inválido. Por favor elija otro"
"File '%1' is not an image.","El archivo '%1' no es una imagen."
"Validation failed. Required options were not filled or the file was not uploaded.","Falló la validación. Las opciones requeridas no se completaron o el archivo no se cargó."
"The file you uploaded is larger than %1 Megabytes allowed by server","El archivo que subió es más grande que los %1 Megabytes permitidos por el servidor"
"Option required.","Opción requerida."
"The file is empty. Please choose another one","El archivo está vacío. Por favor seleccione otro."
"Some of the selected item options are not currently available.","Algunas de las opciones de elementos seleccionados no están actualmente disponibles."
"The text is too long.","El texto es demasiado largo."
"Invalid attribute %fieldName = %fieldValue.","Atributo inválido %fieldName = %fieldValue."
"Requested store is not found. Row ID: SKU = %SKU, Store ID: %storeId.","La tienda solicitada no se encontró. La fila con ID: SKU = %SKU, ID de Tienda: %storeId."
"Invalid attribute Cost = %cost. Row ID: SKU = %SKU, Store ID: %storeId.","Costo de Atributo inválido = %cost. ID de fila: SKU = %SKU, ID de Tienda: %storeId."
"Could not save Prices.","No se pueden guardar los Precios."
"Could not delete Prices","No se pueden eliminar los Precios"
"Requested product doesn't exist. Row ID: SKU = %SKU, Store ID: %storeId, Price From: %priceFrom, Price To: %priceTo.","El producto solicitado no existe. ID de Fila: SKU = %SKU, ID de Tienda: %storeId, Precio Desde: %priceFrom, Precio Hasta: %priceTo."
"Requested store is not found. Row ID: SKU = %SKU, Store ID: %storeId, Price From: %priceFrom, Price To: %priceTo.","La Tienda solicitada no se encontró. ID de fila: SKU = %SKU, ID de Tienda: %storeId, Precio Desde: %priceFrom, Precio Hasta: %priceTo."
"Invalid attribute %label = %priceTo. Row ID: SKU = %SKU, Store ID: %storeId, Price From: %priceFrom, Price To: %priceTo.","Atributo inválido %label = %priceTo. ID de Fila: SKU = %SKU, ID de Tienda: %storeId, Precio Desde: %priceFrom, Precio Hasta: %priceTo."
"Invalid attribute Price = %price. Row ID: SKU = %SKU, Store ID: %storeId, Price From: %priceFrom, Price To: %priceTo.","Atributo inválido Precio = %price. ID de Fila: SKU = %SKU, ID de Tienda: %storeId, Precio Desde: %priceFrom, Precio Hasta: %priceTo."
"Could not save Tier Prices","No se pueden Guardar los Precios de Nivel"
"Could not replace Tier Prices","No se pueden Reemplazar los Precios de Nivel"
"Could not delete Tier Prices","No se pueden Eliminar los Precios de Nivel"
"Invalid attribute SKU = %SKU. Row ID: SKU = %SKU, Website ID: %websiteId, Customer Group: %customerGroup, Quantity: %qty.","Atributo inválido SKU = %SKU. ID de Fila: SKU = %SKU, ID de Sitio Web: %websiteId, Grupo de Cliente: %customerGroup, Cantidad: %qty."
"Invalid attribute Price = %price. Row ID: SKU = %SKU, Website ID: %websiteId, Customer Group: %customerGroup, Quantity: %qty.","Atributo inválido Precio = %price. ID de Fila: SKU = %SKU, ID de Sitio Web: %websiteId, Grupo de Cliente: %customerGroup, Quantity: %qty."
"Invalid attribute Price Type = %priceType. Row ID: SKU = %SKU, Website ID: %websiteId, Customer Group: %customerGroup, Quantity: %qty.","Atributo inválido Tipo de Precio = %priceType. ID de Fila: SKU = %SKU, ID de Sitio Web: %websiteId, Grupo de Cliente: %customerGroup, Cantidad: %qty."
"Invalid attribute Quantity = %qty. Row ID: SKU = %SKU, Website ID: %websiteId, Customer Group: %customerGroup, Quantity: %qty.","Atributo inválido Cantidad = %qty. ID de Fila: SKU = %SKU, ID de Sitio Web: %websiteId, Grupo de Cliente: %customerGroup, Cantidad: %qty."
"Invalid attribute Website ID = %websiteId. Row ID: SKU = %SKU, Website ID: %websiteId, Customer Group: %customerGroup, Quantity: %qty.","Atributo inválido ID de Sitio Web = %websiteId. ID de Fila: SKU = %SKU, ID de Sitio Web: %websiteId, Grupo de Cliente: %customerGroup, Cantidad: %qty."
"We found a duplicate website, tier price, customer group and quantity: Customer Group = %customerGroup, Website ID = %websiteId, Quantity = %qty. Row ID: SKU = %SKU, Website ID: %websiteId, Customer Group: %customerGroup, Quantity: %qty.","Encontramos un sitio web duplicado, precio de nivel, grupo de cliente y cantidad: Grupo de Cliente = %customerGroup, ID de Sitio Web = %websiteId, Cantidad = %qty. ID de Fila: SKU = %SKU, ID de Sitio Web: %websiteId, Grupo de Cliente: %customerGroup, Cantidady: %qty."
"No such entity with Customer Group = %customerGroup. Row ID: SKU = %SKU, Website ID: %websiteId, Customer Group: %customerGroup, Quantity: %qty.","No existe lla entidad con el Grupo de Cliente = %customerGroup. ID de Fila: SKU = %SKU, ID de Sitio Web: %websiteId, Grupo de Cliente: %customerGroup, Cantidad: %qty."
"This product doesn't have tier price","Este Producto no tiene Precio de Nivel"
"Product hasn't group price with such data: customerGroupId = '%1', website = %2, qty = %3","El producto no tiene precio de grupo con tal información: customerGroupId = '%1', website = %2, qty = %3"
"Invalid data provided for tier_price","Datos inv´´alidos provistos para tier_price"
"Could not save group price","No se puede guardar el Precio de Grupo"
"Please provide valid data","Por favor provea datos válidos"
"Values of following attributes are invalid: %1","Los valores de los siguientes atributos son inválidos: %1"
"We can't create writeable directory ""%1"".","No podemos crear un directorio de escritura ""%1""."
"The file upload failed.","Falló la subida del archivo."
"The product has required options.","El producto tiene opciones requeridas."
"Something went wrong while processing the request.","Algo salió mal al procesar la solicitud."
"%1 doesn't extends \Magento\Catalog\Model\Product\Type\AbstractType","%1 no extiende a \Magento\Catalog\Model\Product\Type\AbstractType"
"%1 doesn't extends \Magento\Catalog\Model\Product\Type\Price","%1 no extiende a \Magento\Catalog\Model\Product\Type\Price"
"Not Visible Individually","No Visible Individualmente"
Search,Búusqueda
"Catalog, Search","Catálogo, Búsqueda"
"Something went wrong while removing products from the websites.","Algo salió mal al quitar productos de los sitios web."
"Something went wrong while adding products to websites.","Algo salió mal al agregar productos a sitios web."
"Group with id ""%1"" does not exist.","El Grupo con id ""%1"" no existe."
"Attribute group that contains system attributes can not be deleted","El grupo de atributos que contiene atributos de sistema no se puede eliminar"
"Collection provider is not registered","El proveedor de la Colección no está registrado"
"Unknown link type: %1","Tipo de link desconocido: %1"
"Provided link type ""%1"" does not exist","El tipo de link provisto ""%1"" no existe"
"Invalid data provided for linked products","Datos inválidos proporcionados para productos vinculados"
"Product with SKU '%1' is not linked to product with SKU '%2'","El Producto con el SKU '%1' no está vinculado al Producto con el SKU '%2'"
"Product %1 doesn't have linked %2 as %3","El Producto %1 no tiene vinculado %2 como %3"
"Requested product doesn't exist","El producto solicitado no existe"
"Requested product does not support images.","El Producto solicitado no soporta Imágenes."
"Product with SKU ""%1"" does not exist","El Producto con SKU ""%1"" no existe"
"Invalid product data: %1","Datos inválidos de Producto: %1"
"Database connection error","Error de Conexión de Base de Datos"
"Database deadlock found when trying to get lock","Se encontró un deadlock en lña Base de Datos cuando se intenttaba bloquearla"
"Database lock wait timeout exceeded","Se excedió el tiempo de espera para el bloqueo de la base de datos"
"Unable to remove product %1","No se puede eliminar el producto %1"
"There are not websites for assign to product","No hay sitios Web para asignarle al Producto"
"Could not assign product ""%1"" to websites ""%2""","No se pudo asignar el producto ""%1"" a los Sitios Web ""%2"""
"Could not save product ""%1"" with websites %2","No se pudo guardar el producto ""%1"" con los Sitios Web %2"
"We cannot determine the field name.","No se puede determinar el nombre del campo."
"Attribute '%1' is locked. %2","El Atributo '%1' está bloqueado. %2"
"Do not change the scope. %1","No cambiar el Alcance. %1"
"Processor %1 doesn't implement BaseSelectProcessorInterface","El procesador %1 no implementa BaseSelectProcessorInterface"
"A product type is not defined for the indexer.","Un tipo de producto no está definido para el indexador."
"%1 doesn't extend \Magento\Catalog\Model\ResourceModel\Product\Indexer\Price\DefaultPrice","%1 no etiende \Magento\Catalog\Model\ResourceModel\Product\Indexer\Price\DefaultPrice"
"Product with SKU %1 is not linked to product with SKU %2","El Producto con el SKU %1 no está vinculado al producto con SKU %2"
"Multiple Select","Selección múltiple"
Dropdown,Desplegable
"%1 doesn't extend \Magento\Framework\Filter\Template","%1 no extiende \Magento\Framework\Filter\Template"
"As low as","Tan bajo como"
test,prueba
"Could not get extension attributes","No se pudieron obtener los atributos de la extensión"
message,mensaje
"Some exception","Alguna excepción"
fl,fl
"Lock wait timeout","Tiempo de espera de bloqueo agotado"
123,123
Images,Imágenes
Select...,Seleccionar...
"Advanced Pricing","Precio Avanzado"
"Customer Group Price","Precio de Grupo de Cliente"
"Customer Group","Grupo de Cliente"
"Special Price From","Precio Especial Desde"
To,Hasta
Done,Hecho
"Add Selected","Agreggar Selección"
"Select Attribute","Seleccionar Atributo"
"Create New Attribute","Crear Nuevo Atributo"
"Customizable Options","Opciones personalizables"
"Custom options let customers choose the product variations they want.","Las opciones personalizadas permiten a los clientes elegir las variaciones de productos que desean."
"Add Option","Agregar Opción"
"New Option","Nueva Opción"
"Select Product","Seleccionar Producto"
"Option Title","Título de la Opción"
"Add Value","Agregar Valor"
Title,Título
"Option Type","Tipo de Opción"
Required,Requerido
"Price Type","Tipo de Precio"
"Max Characters","Cant. Máx. de Caracteres"
"Compatible File Extensions","Extensiones de Archivo Compatibles"
"Maximum Image Size","Tamaño de Imagen Máximo"
"Please leave blank if it is not an image.","Por favor déjelo en blanco si no es una imagen."
%1,%1
"This item has weight","Este item tiene Peso"
"This item has no weight","Este item no tiene Peso"
"Set Product as New From","Establecer producto como nuevo desde"
"Related Products, Up-Sells, and Cross-Sells","Productos Relacionados, Ventas-Aumentadas, y Ventas-Cruzadas"
"Related products are shown to customers in addition to the item the customer is looking at.","Los productos relacionados se muestran a los clientes además del artículo que el cliente está mirando."
"Add Related Products","Agregar productos relacionados"
"An up-sell item is offered to the customer as a pricier or higher-quality alternative to the product the customer is looking at.","Un item de Venta-Aumentada se lo ofrece al cliente como una alternativa más costosa o de Mayor calidad al producto que el cliente está viendo actualmente."
"Add Up-Sell Products","Agregar Productos para Venta-Aumemntada"
"Up-Sell Products","Productos para Venta-Aumentada"
"These ""impulse-buy"" products appear next to the shopping cart as cross-sells to the items already in the shopping cart.","Estos Productos de ""compra-impulsiva"" aparecen al lado del carrito de compras como ventas-cruzadas a los items que ya están en el Carrito de Compras."
"Add Cross-Sell Products","Agregar Productos para Ventas-Cruzadas"
"Cross-Sell Products","Productos de Ventas-Cruzadas"
"Add Selected Products","Agregar Productos Seleccionados"
Remove,Remover
Thumbnail,Miniatura
Actions,Acciones
"Schedule Update From","Programar Actualización Desde"
"Product in Websites","Producto en Sitios Web"
"If your Magento installation has multiple websites, you can edit the scope to use the product on specific sites.","Si su instalación de Magento tiene varios sitios web, puede editar el alcance para usar el producto en sitios específicos."
name,nombre
"Copy Data from","Copiar Datos Desde"
"If there are no custom parent categories, please use the default parent category. You can reassign the category at any time in <a href=""%1"" target=""_blank"">Products &gt; Categories</a>.","Si no hay categorías principales personalizadas, por favor use la categoría principal predeterminada. Puede reasignar la categoría en cualquier momento en <a href=""%1"" target=""_blank"">Productos &gt; Categorías</a>."
"This operation can take a long time","Esta operación puede llevar mucho tiempo"
"Collapse All","Contraer Todo"
"Expand All","Expandir Todo"
"Please confirm site switching. All data that hasn't been saved will be lost.","Confirme el cambio de sitio. Todos los datos que no se han guardado se perderán."
"Use Default Value","Usar Valor Por Defecto"
"Manage Titles (Size, Color, etc.)","Administrar Títulos (Talle, Color, etc.)"
"Manage Options (Values of Your Attribute)","Administrar opciones (Valores de Su Atributo)"
"Is Default","Es Predeterminado"
"Sort Option","Opción de clasificación"
Groups,Grupos
"Double click on a group to rename it.","Doble Click en un Grupo para Renombrarlo."
"Unassigned Attributes","Atributos No Asignados"
"A name is required.","Un Nombre es Requerido."
"This group contains system attributes. Please move system attributes to another group and try again.","Este grupo contiene atributos del sistema. Mueva los atributos del sistema a otro grupo y vuelva a intentarlo."
"Please select a node.","Por favor Seleccione un nodo."
"Please enter a new group name.","Por favor ingrese un nuevo nombre de grupo."
"An attribute group named ""/name/"" already exists.","Un Grupo de Atributos con el Nombre ""/name/"" ya existe."
"Sorry, we're unable to complete this request.","Lo sentimos, no podemos completar esta solicitud."
"You can't remove attributes from this attribute set.","No puede eliminar atributos de este conjunto de atributos."
"Custom Options","Opciones personalizadas"
"This is a required option.","Esta es una opción requerida."
"The field isn't complete.","El campo no está completo."
"Compatible file extensions to upload","Extensiones de archivos compatibles para subir"
"Maximum image width","Ancho Máximo de Imagen"
"Maximum image height","Alto Máximo de Imagen"
"Maximum number of characters:","Máximo número de caracteres:"
"start typing to search template","comience a tipear para buscar la plantilla"
"Product online","Producto en línea"
"Product offline","Producto fuera de línea"
"Product online status","Estado del Producto en línea"
"Manage Stock","Administrar Stock"
Qty,Cant
"Out-of-Stock Threshold","Umbral fuera-de-stock"
"Minimum Qty Allowed in Shopping Cart","Cantidad Mínima permitida en el Carrito de Compras"
"Maximum Qty Allowed in Shopping Cart","Cantidad Máxima permitida en el Carrito de Compras"
"Qty Uses Decimals","La Cantidad Usa Decimales"
Backorders,Atrasos
"Notify for Quantity Below","Notifique la cantidad por debajo de"
"Enable Qty Increments","Habilitar Incrementos de Cantidad"
"Qty Increments","Incrementos de Cantidad"
"Stock Availability","Disponibilidad de Stock"
"In Stock","En Stock"
"Out of Stock","Sin Stock"
"Add Product To Websites","Agregar Producto a Sitios Web"
"Remove Product From Websites","Remover Producto de Sitios Web"
"To hide an item in catalog or search results, set the status to ""Disabled"".","Para ocultar un elemento en el catálogo o resultados de búsqueda, configure el estado como ""Deshabilitado""."
"We can't save custom-defined options for bundles with dynamic pricing.","No podemos guardar opciones personalizadas para paquetes con precios dinámicos."
"Delete Custom Option","Eliminar opción personalizada"
"Sort Custom Options","Ordenar opciones personalizadas"
"Input Type","Tipo de entrada"
"%1 <span>x</span> %2 <span>px.</span>","%1 <span>x</span> %2 <span>px.</span>"
"Sort Custom Option","Ordenar opcion personalizada"
"Item Price","Precio del Item"
Action,Acción
"and above","y por encima"
"Delete Tier","Eliminar Nivel"
"Product In Websites","Producto en Sitios Web"
"(Copy data from: %1)","(Copiar datos desde: %1)"
"Browse to find or drag image here","Navegue para buscar o arrastre la imagen aquí"
"Delete image","Eliminar Imagen"
Hidden,Oculto
"Alt Text","Texto Alt"
Role,Rol
"Image Size","Tamaño de Imagen"
{size},{size}
"Image Resolution","Resolución de Imagen"
"{width}^{height} px","{width}^{height} px"
"Hide from Product Page","Ocultar de la Página de Producto"
"Product Alerts","Alertas de Producto"
"Allow Multiple Boxes for Shipping","Permitir múltiples cajas para envío"
"start typing to search attribute","comience a escribir para buscar el atributo"
"Basic Settings","Ajustes básicos"
"Advanced Settings","Ajustes avanzados"
"Changes have been made to this section that have not been saved.","Se han realizado cambios en esta sección que no se han guardado."
"This tab contains invalid data. Please resolve this before saving.","Esta pestaña contiene datos no válidos. Por favor resuelve esto antes de guardar."
"Mass Actions","Acciones masivas"
"Select All","Seleccionar Todo"
"Unselect All","Deseleccionar Todo"
"Select Visible","Seleccionar Visibles"
"Unselect Visible","Deseleccionar Visibles"
"Special Price","Precio Especial"
"Regular Price","Precio Regular"
"Buy %1 for: ","Comprar %1 por: "
"Buy %1 for %2 each and <strong class=""benefit"">save<span class=""percent tier-%3"">&nbsp;%4</span>%</strong>","Comprar %1 por cada %2 y <strong class=""benefit"">ahorre<span class=""percent tier-%3"">&nbsp;%4</span>%</strong>"
"Buy %1 for %2 each","Compre %1 por cada %2"
"Shop By","Comprar Por"
"Shopping Options","Opciones de Compra"
"Compare Products","Comparar Productos"
"Print This Page","Imprimir esta Página"
"Remove Product","Remover Producto"
"Add to Cart","Agregar al Carrito"
"In stock","En Stock"
"Out of stock","Sin Stock"
"Add to Wish List","Agregar a Lista de Deseos"
"You have no items to compare.","No tiene items para comparar."
"Remove This Item","Eliminar este Item"
Compare,Comparar
"Clear All","Limpiar Todo"
Prev,Anterior
Next,Siguiente
"We can't find products matching the selection.","No se pueden encontrar productos que concuerden con la selección."
"Learn More","Aprender Más"
"Add to Compare","Agregar a Comparar"
"We found other products you might like!","Encontramos otros productos que podrían gustarte!"
"More Choices:","Más Opciones:"
"Check items to add to the cart or","Chequee los productos para añadir al carro o"
"select all","seleccionar todo"
"Items %1-%2 of %3","Items %1-%2 de %3"
"%1 Item","%1 Item"
"%1 Items","%1 Items"
Show,Moostrar
"per page","por página"
"Sort By","Ordenar Por"
"Set Ascending Direction","Establecer dirección ascendente"
"Set Descending Direction","Establecer dirección descendente"
"View as","Ver como"
"More Information","Más Información"
Loading...,Cargando...
"* Required Fields","* Campos Requeridos"
Availability,Disponibilidad
"Warning message","Mensaje de Advertencia"
Submit,Enviar
"We don't recognize or support this file extension type.","No reconocemos ni admitimos este tipo de extensión de archivo."
"Configure Product","Configurar Producto"
OK,OK
"This value does not follow the specified format (for example, 200X300).","Este valor no sigue el formato especificado (por ejemplo, 200X300)."
"Select type of option.","Seleccione el tipo de opción."
"Please add rows to option.","Por favor agregue filas a la opción."
"Please select items.","Por favor seleccione los items."
"Choose existing category.","Elija la categoría existente."
"Image Detail","Detalle de la imagen"
Adding...,Agregando...
Added,Agregado
"does not implement Storage Interface","no implementa la Interfaz de Almacenamiento"
"unselect all","deseleccionar toodo"
Inventory,Inventario
"Catalog Section","Sección del catálogo"
Small,Pequeña
Main,Principal
"Custom image","Imagen personalizada"
"Product Fields Auto-Generation","Generación automática de campos de productos"
"Mask for SKU","Máscara para el SKU"
"Use {{name}} as Product Name placeholder","Usar {{name}} como marcador de posición del nombre del producto"
"Mask for Meta Title","Máscara para el Meta Título"
"Mask for Meta Keywords","Máscara para las Meta Palabras Claves"
"Use {{name}} as Product Name or {{sku}} as Product SKU placeholders","Utilice {{nombre}} como Nombre del producto o {{sku}} como marcadores de posición SKU del producto"
"Mask for Meta Description","Máscara para Meta Descripción"
"Use {{name}} and {{description}} as Product Name and Product Description placeholders","Utilice {{nombre}} y {{descripción}} como marcadores de posición de nombre de producto y descripción del producto"
"Recently Viewed/Compared Products","Productos Recientemente Viatos/Comparados"
"Lifetime of products in Recently Viewed Widget","Tiempo de vida de Productos en el Widget 'Recientemente Visto'"
"Lifetime of products in Recently Compared Widget","Tiempo de vida de Productos en el Widget 'Recientemente Comparado'"
"Synchronize widget products with backend storage","Sincronizar los productos del widget con almacenamiento del backend"
Storefront,Storefront
"List Mode","Modo de listado"
"Products per Page on Grid Allowed Values","Valores Permitidos de Productos por Página en Grilla"
Comma-separated.,Separado por Comas.
"Products per Page on Grid Default Value","Valor por Defecto de Productos por Página en Grilla"
"Must be in the allowed values list","Debe estar en la lista de Valores permitidos"
"Products per Page on List Allowed Values","Valores Permitidos de Productos por Página en Lista"
"Products per Page on List Default Value","Valor por Defecto de Productos por Página en Lista"
"Use Flat Catalog Category","Usar Categoría de Catálogo Plana"
"Use Flat Catalog Product","Usar Productos de Catálogo Plano"
"Product Listing Sort by","Listado de Productos Ordenados por"
"Allow All Products per Page","Permitir Todos los Productos por Página"
"Whether to show ""All"" option in the ""Show X Per Page"" dropdown","Mostrar o no la opción ""Todos"" en la lista desplegable ""Mostrar X Por Página"" "
"Allow Dynamic Media URLs in Products and Categories","Permitir URLs de Media Dinámicas en Productos y Categorías"
"E.g. {{media url=""path/to/image.jpg""}} {{skin url=""path/to/picture.gif""}}. Dynamic directives parsing impacts catalog performance.","Por ej. {{media url=""ruta/a/imagen.jpg""}} {{skin url=""ruta/a/imagen.gif""}}. El análisis de directivas dinámicas impacta el rendimiento del catálogo."
"Product Image Placeholders","Marcadores de posición de imagen de producto"
"Search Engine Optimization","Optimización de motores de búsqueda"
"Page Title Separator","Separador de título de página"
"Use Canonical Link Meta Tag For Categories","Usar URLs Canónicas en Meta Etiquetas para Categorías"
"Use Canonical Link Meta Tag For Products","Usar URLs Canónicas en Meta Etiqueta para Productos"
"Catalog Price Scope","Alcance del precio del catálogo"
"This defines the base currency scope (""Currency Setup"" > ""Currency Options"" > ""Base Currency"").","Esto define el alcance de la moneda base (""Configuración de moneda"" > ""Opciones de Moneda"" > ""Moneda Base"")."
"Category Top Navigation","Navegación de Categoría Superior"
"Maximal Depth","Profundidad Máxima"
"Date & Time Custom Options","Opciones personalizadas de fecha y hora"
"Use JavaScript Calendar","Use el calendario de JavaScript"
"Date Fields Order","Orden de los campos de Fecha"
"Time Format","Formato de la Hora"
"Year Range","Rango de año"
"Please use a four-digit year format.","Por favor utilice un formato de año de cuatro dígitos."
"Use Static URLs for Media Content in WYSIWYG for Catalog","Utilice las URL estáticas para contenido multimedia en WYSIWYG para el catálogo"
"This applies only to catalog products and categories. Media content will be inserted into the editor as a static URL. Media content is not updated if the system configuration base URL changes.","Esto se aplica solo a los productos y categorías del catálogo. El contenido multimedia se insertará en el editor como una URL estática. El contenido multimedia no se actualiza si la URL base de la configuración del sistema cambia."
"Top Level Category","Categoría de Nivel Superior"
"Product Info Column","Columna de Información de Producto"
"Block after Info Column","Bloque después de columna de información"
"Product Flat Data","Datos Planos de Producto"
"Reorganize EAV product structure to flat structure","Reorganizar la estructura de EAV de Producto a estructura plana"
"Category Flat Data","Datos Planos de Categoría"
"Reorganize EAV category structure to flat structure","Reorganizar la estructura de EAV de Categoría a estructura plana"
"Category Products","Productos de la Categoría"
"Indexed category/products association","Asociación de categoría/productos Indexada"
"Product Categories","Categorías de Producto"
"Indexed product/categories association","Asociación de producto/categorías Indexada"
"Product Price","Precio de Producto"
"Index product prices","Indice de Precios de Producto"
"Product EAV","EAV de Producto"
"Index product EAV","Indice de EAV de Product"
"Catalog New Products List","Lista de Nuevos Productos del Catálogo"
"List of Products that are set as New","Lista de productos que están configurados como nuevos"
"Display Type","Tipo de visualización"
"All products - recently added products, New products - products marked as new","Todos los Productos - productos agregados recientemente, Nuevos Productos - productos marcados como nuevos"
"All products","Todos los Productos"
"New products","Productos Nuevos"
"Display Page Control","Mostrar Control de Página"
"Number of Products per Page","Número de Productos por Página"
"Number of Products to Display","Número de productos para mostrar"
Template,Plantilla
"New Products Grid Template","Plantilla de Grilla de Nuevos Productos"
"New Products List Template","Plantilla de Lista de Nuevos Productos"
"New Products Images and Names Template","Pllantilla de Imágenes y Nombres de Nuevos Productos"
"New Products Names Only Template","Plantilla de Nombres de Nuevos Productos Únicamente"
"New Products Images Only Template","Plantilla de Imágenes de Nuevos Productos Únicamente"
"Cache Lifetime (Seconds)","Tiempo de vida del Caché (Segundos)"
"86400 by default, if not set. To refresh instantly, clear the Blocks HTML Output cache.","86400 por defecto, si no está configurado. Para Refrescar instantánneammente, limpiar el Caché de Bloques de Salida HTML."
"Catalog Product Link","Link de Producto de Catálogo"
"Link to a Specified Product","Link a un Producto Especificado"
"Select Product...","Seleccionar Producto..."
"Anchor Custom Text","Texto personalizado del Ancla"
"If empty, we'll use the product name here.","Si está vacío, utilizaremos el nombre del producto aquí."
"Anchor Custom Title","Título Personalizado de Ancla"
"Product Link Block Template","Plantilla de Bloque de Link de Producto"
"Product Link Inline Template","Plantilla en Línea de Link de Producto"
"Catalog Category Link","Link de Categoría de Catálogo"
"Link to a Specified Category","Link a una Categoría Especificada"
"Select Category...","Seleccionar Categoría..."
"If empty, we'll use the category name here.","Si está vacío, usaremos el nombre de la categoría aquí."
"Category Link Block Template","Plantilla de bloque de enlace de categoría"
"Category Link Inline Template","Plantilla en línea de enlace de categoría"
"Recently Viewed Products","Productos Recientemente Vistos"
"List of Products Recently Viewed by Visitor","Lista de Productos Recientemente Vistos por Visitante"
"UI Component","Componente UI"
"Number of Products to display","Número de Productos a Mostrar"
"Product attributes to show","Atributos de Productos a Mostrar"
Image,Imagen
"Learn More Link","Link Ver Más"
"Buttons to show","Botones a Mostrar"
"Add to Wishlist","Agregar a la Lista de Deseos"
"Viewed Products Grid Template","Plantilla de Grilla de Productos Vistos"
"Viewed Products List Template","Plantilla de Lista de Productos Vistos"
"Viewed Products Sidebar Template","Plantilla Lateral de Productos Vistos"
"Recently Compared Products","Productos Recientemente Comparados"
"List of Products Recently Compared by Visitor","Lista de Productos Recientemente Comparados por Visitante"
"Compared Products Grid Template","Plantilla de Grilla de Productos Comparados"
"Compared Products List Template","Plantilla de Lista de Productos Comparados"
Set,Setear
"Category Information","Información de la Categoría"
"Enable Category","Habilitar Categoría"
"Include in Menu","Incluir en Menú"
Content,Contenido
"Category Image","Imagen de Categoría"
Description,Descripción
"Add CMS Block","Agregar Bloque CMS"
"Display Settings","Opciones de Visualización"
"Display Mode","Modo de Visualización"
Anchor,Ancla
"Available Product Listing Sort By","Ordenamientos de Listado de Producto Disponibles"
"Use All","Usar todos"
"Default Product Listing Sort By","Ordenamiento de Listado de Producto por Defecto"
"Layered Navigation Price Step","Paso de Precio de la Navegación por Capas"
"URL Key","Clave URL"
"Meta Title","Meta Título"
"Meta Keywords","Meta Palabras clave"
"Meta Description","Meta Descripción"
"Products in Category","Productos en Categoría"
Design,Diseño
Theme,Tema
Layout,Layout
"Layout Update XML","XML de actualizacion de Layout"
"Apply Design to Products","Aplicar diseño a Productos"
"Schedule Design Update","Actualización de diseño programada"
AttributeSetText,AttributeSetText
StatusText,StatusText
"Product Image Watermarks","Marcas de agua de la imagen de producto"
Base,Base
"Allowed file types: jpeg, gif, png.","Tipos de archivo permitido: jpeg, gif, png."
Image,Imagen
"Image Opacity","Opacidad de la imagen"
"Example format: 200x300.","Formato de ejemplo: 200x300."
"Image Position","Posición de la imagen"
Small,Pequeña
"Attribute Properties","Propiedades del atributo"
"Attribute Label","Etiqueta del atributo"
"Catalog Input Type for Store Owner","Tipo de entrada de catálogo para el propietario de la tienda"
Values,Valores
"Add this attribute to the list of column options in the product grid.","Agregar este atributo a la lista de opciones de columna en la grilla de productos."
"Add this attribute to the list of filter options in the product grid.","Agregar este atributo a la lista de opciones de filtrado en la grilla de productos."
System,Sistema
"All Store Views","Todas las vistas de tienda"
"Delete selected items?","Eliminar items seleccionados?"
"Delete items","Eliminar items"
"Change status","Cambiar Estado"
Enable,Habilitar
Disable,Deshabilitar
"Update attributes","Actualizar atributos"
Overview,Vista general
"Skip to the end of the images gallery","Ir hasta el fin de la galería de imágenes"
"Skip to the beginning of the images gallery","Ir hasta el inicio de la galería de imágenes"
Details,Detalles
"Recently Compared","Recientemente comparardo"
"Add To Cart","Agregar al carrito"
"Add To Compare","Agregar para comparar"
"Learn more","Aprender más"
"Recently Viewed","Visto recientemente"
